{"cameraMode":{"drawMode":0,"name":"Shaded","section":"Shading Mode"},"sceneLighting":false,"audioPlay":false,"sceneViewState":{"m_AlwaysRefresh":false,"showFog":true,"showSkybox":false,"showFlares":true,"showImageEffects":true,"showParticleSystems":true,"showVisualEffectGraphs":true,"m_FxEnabled":true},"in2DMode":false,"pivot":{"x":-2.9802322387695315e-8,"y":0.15952089428901673,"z":2.9802322387695315e-8},"rotation":{"x":0.1554594188928604,"y":0.7012193202972412,"z":-0.16219386458396913,"w":0.6772214770317078},"size":0.3473006784915924,"orthographic":false}