{"cameraMode":{"drawMode":0,"name":"Shaded","section":"Shading Mode"},"sceneLighting":false,"audioPlay":false,"sceneViewState":{"m_AlwaysRefresh":false,"showFog":true,"showSkybox":false,"showFlares":true,"showImageEffects":true,"showParticleSystems":true,"showVisualEffectGraphs":true,"m_FxEnabled":true},"in2DMode":false,"pivot":{"x":0.4154590964317322,"y":-0.002915775403380394,"z":1.1003706455230713},"rotation":{"x":0.1621185541152954,"y":0.661782443523407,"z":-0.15346454083919526,"w":0.7163814902305603},"size":0.8660253882408142,"orthographic":false}