{"cameraMode":{"drawMode":0,"name":"Shaded","section":"Shading Mode"},"sceneLighting":false,"audioPlay":false,"sceneViewState":{"m_AlwaysRefresh":false,"showFog":true,"showSkybox":false,"showFlares":true,"showImageEffects":true,"showParticleSystems":true,"showVisualEffectGraphs":true,"m_FxEnabled":true},"in2DMode":false,"pivot":{"x":-2.4464519023895265,"y":0.9870461225509644,"z":-1.6462675333023072},"rotation":{"x":0.03658369928598404,"y":-0.9103894233703613,"z":0.07723546028137207,"w":0.4060198664665222},"size":2.7020387649536135,"orthographic":false}