{"cameraMode":{"drawMode":0,"name":"Shaded","section":"Shading Mode"},"sceneLighting":false,"audioPlay":false,"sceneViewState":{"m_AlwaysRefresh":false,"showFog":true,"showSkybox":false,"showFlares":true,"showImageEffects":true,"showParticleSystems":true,"showVisualEffectGraphs":true,"m_FxEnabled":true},"in2DMode":false,"pivot":{"x":0.000008363753295270726,"y":9.801624401006848e-8,"z":0.00001529019937152043},"rotation":{"x":-0.10291117429733277,"y":-0.7727678418159485,"z":0.13576307892799378,"w":-0.6127586364746094},"size":0.000017320508050033823,"orthographic":false}