{"cameraMode":{"drawMode":0,"name":"Shaded","section":"Shading Mode"},"sceneLighting":false,"audioPlay":false,"sceneViewState":{"m_AlwaysRefresh":false,"showFog":true,"showSkybox":false,"showFlares":true,"showImageEffects":true,"showParticleSystems":true,"showVisualEffectGraphs":true,"m_FxEnabled":true},"in2DMode":false,"pivot":{"x":-3.5762786865234377e-7,"y":0.282137393951416,"z":2.384185791015625e-7},"rotation":{"x":0.27421683073043826,"y":-0.010654502548277378,"z":-0.0007516322075389326,"w":0.962486207485199},"size":1.5265477895736695,"orthographic":false}