{"cameraMode":{"drawMode":0,"name":"Shaded","section":"Shading Mode"},"sceneLighting":false,"audioPlay":false,"sceneViewState":{"m_AlwaysRefresh":false,"showFog":true,"showSkybox":false,"showFlares":true,"showImageEffects":true,"showParticleSystems":true,"showVisualEffectGraphs":true,"m_FxEnabled":true},"in2DMode":false,"pivot":{"x":-2.056321620941162,"y":6.120274066925049,"z":0.2983102798461914},"rotation":{"x":0.27421683073043826,"y":-0.010654502548277378,"z":-0.0007516322075389326,"w":0.962486207485199},"size":0.8660253882408142,"orthographic":false}