{"cameraMode":{"drawMode":0,"name":"Shaded","section":"Shading Mode"},"sceneLighting":false,"audioPlay":false,"sceneViewState":{"m_AlwaysRefresh":false,"showFog":true,"showSkybox":false,"showFlares":true,"showImageEffects":true,"showParticleSystems":true,"showVisualEffectGraphs":true,"m_FxEnabled":true},"in2DMode":false,"pivot":{"x":-4.76837158203125e-7,"y":0.7429794073104858,"z":-0.0000015497207641601563},"rotation":{"x":0.1554594188928604,"y":0.7012193202972412,"z":-0.16219386458396913,"w":0.6772214770317078},"size":1.4883677959442139,"orthographic":false}